वार्ड संख्या,मतदाता,11-09 पोल,कुल गिने मत,NOTA,प्रत्याशी का नाम,लिंग,दल,चुनाव प्रतीक,भाग 1 मत,भाग 2 मत,डाक मत,कुल मत,स्थिति,जीत का अंतर
"1","1811","1355","1355","10","भारती","महिला","आम आदमी पार्टी","झाड़ू","26","19","0","45","-","224"
"1","1811","1355","1355","10","मंजु देवी","महिला","इण्डियन नेशनल कांग्रेस","हाथ","334","325","0","659","विजेता (Declared)","224"
"1","1811","1355","1355","10","मधु बहन","महिला","भारतीय जनता पार्टी","कमल","129","306","0","435","-",""
"1","1811","1355","1355","10","कंचन","महिला","निर्दलीय","अलमारी","167","39","0","206","-",""
"2","612","437","437","5","कविता कंवर","महिला","भारतीय जनता पार्टी","कमल","148","0","0","148","-","28"
"2","612","437","437","5","कुसुम जोरावर सिंह","महिला","इण्डियन नेशनल कांग्रेस","हाथ","176","0","0","176","विजेता (Declared)","28"
"2","612","437","437","5","संगीता कंवर","महिला","निर्दलीय","सिलाई की मशीन","82","0","0","82","-",""
"2","612","437","437","5","सुशीला देवी","महिला","निर्दलीय","अलमारी","26","0","0","26","-",""
"3","829","555","555","6","ममता","महिला","भारतीय जनता पार्टी","कमल","300","0","0","300","विजेता (Declared)","84"
"3","829","555","555","6","रिंकु कंवर","महिला","इण्डियन नेशनल कांग्रेस","हाथ","216","0","0","216","-",""
"3","829","555","555","6","गुडिया","महिला","निर्दलीय","अलमारी","33","0","0","33","-",""
"4","430","289","289","3","कमलेश कुमार","पुरुष","इण्डियन नेशनल कांग्रेस","हाथ","121","0","0","121","विजेता (Declared)","42"
"4","430","289","289","3","कान्तिलाल","पुरुष","आम आदमी पार्टी","झाड़ू","3","0","0","3","-",""
"4","430","289","289","3","माणकलाल","पुरुष","भारतीय जनता पार्टी","कमल","79","0","0","79","-",""
"4","430","289","289","3","गोविन्द राठौड़","पुरुष","निर्दलीय","सेब","7","0","0","7","-",""
"4","430","289","289","3","जीतु कुमारी","महिला","निर्दलीय","स्कूल का बस्ता","49","0","0","49","-",""
"4","430","289","289","3","पुखराज","पुरुष","निर्दलीय","अलमारी","27","0","0","27","-",""
"5","902","590","590","6","गौरी चाँवरीया","महिला","इण्डियन नेशनल कांग्रेस","हाथ","195","0","0","195","-","142"
"5","902","590","590","6","पुष्पा बरूत","महिला","भारतीय जनता पार्टी","कमल","337","0","0","337","विजेता (Declared)","142"
"5","902","590","590","6","लक्ष्मी देवी","महिला","आम आदमी पार्टी","झाड़ू","37","0","0","37","-",""
"5","902","590","590","6","सुमन कुमारी","महिला","निर्दलीय","सेब","15","0","0","15","-",""
"6","1120","786","786","8","भूराराम","पुरुष","भारतीय जनता पार्टी","कमल","183","0","0","183","-","95"
"6","1120","786","786","8","राजेश कुमार","पुरुष","आम आदमी पार्टी","झाड़ू","10","0","0","10","-",""
"6","1120","786","786","8","शैतान कुमार","पुरुष","इण्डियन नेशनल कांग्रेस","हाथ","340","0","0","340","विजेता (Declared)","95"
"6","1120","786","786","8","प्रकाश चंद","पुरुष","निर्दलीय","सेब","245","0","0","245","-",""
"7","976","791","791","7","गणपत सिंह","पुरुष","भारतीय जनता पार्टी","कमल","323","0","0","323","विजेता (Declared)","82"
"7","976","791","791","7","परबत सिंह","पुरुष","इण्डियन नेशनल कांग्रेस","हाथ","241","0","0","241","-",""
"7","976","791","791","7","मंछाराम कच्छवाहा","पुरुष","निर्दलीय","अलमारी","220","0","0","220","-",""
"8","1071","845","845","8","रमेश कुमार राखेचा","पुरुष","भारतीय जनता पार्टी","कमल","477","0","0","477","विजेता (Declared)","159"
"8","1071","845","845","8","वर्मन कुमार सामरिया","पुरुष","इण्डियन नेशनल कांग्रेस","हाथ","42","0","0","42","-",""
"8","1071","845","845","8","लादुराम","पुरुष","निर्दलीय","अलमारी","318","0","0","318","-",""
"9","736","588","588","7","गणेशराम","पुरुष","आम आदमी पार्टी","झाड़ू","2","0","0","2","-","61"
"9","736","588","588","7","राजेन्द्र कुमार","पुरुष","भारतीय जनता पार्टी","कमल","99","0","0","99","-",""
"9","736","588","588","7","हितेश कुमार","पुरुष","इण्डियन नेशनल कांग्रेस","हाथ","261","0","0","261","विजेता (Declared)","61"
"9","736","588","588","7","मंगलदेव प्रसाद","पुरुष","निर्दलीय","अलमारी","19","0","0","19","-",""
"9","736","588","588","7","लखन मीणा","पुरुष","निर्दलीय","टेलीफोन","200","0","0","200","-",""
"10","784","581","581","4","पूजा देवी","महिला","भारतीय जनता पार्टी","कमल","199","0","0","199","-","6"
"10","784","581","581","4","भागवंती","महिला","इण्डियन नेशनल कांग्रेस","हाथ","205","0","0","205","विजेता (Declared)","6"
"10","784","581","581","4","अंशी","महिला","निर्दलीय","अलमारी","76","0","0","76","-",""
"10","784","581","581","4","जयंती कुमारी","महिला","निर्दलीय","सेब","97","0","0","97","-",""
"11","871","690","690","4","बरकत अली","पुरुष","इण्डियन नेशनल कांग्रेस","हाथ","55","0","0","55","-","141"
"11","871","690","690","4","विनोद पारख","पुरुष","भारतीय जनता पार्टी","कमल","386","0","0","386","विजेता (Declared)","141"
"11","871","690","690","4","प्रवीण कुमार","पुरुष","निर्दलीय","सेब","245","0","0","245","-",""
"12","822","627","627","6","दिलीप कुमार घांची","पुरुष","भारतीय जनता पार्टी","कमल","146","0","0","146","-","154"
"12","822","627","627","6","सुभाष मेवाड़ा","पुरुष","इण्डियन नेशनल कांग्रेस","हाथ","300","0","0","300","विजेता (Declared)","154"
"12","822","627","627","6","बहादुर सिंह","पुरुष","निर्दलीय","टेलीफोन","4","0","0","4","-",""
"12","822","627","627","6","योगेश कुमार","पुरुष","निर्दलीय","अलमारी","83","0","0","83","-",""
"12","822","627","627","6","रमेश कुमार अग्रवाल","पुरुष","निर्दलीय","रेफ्रिजरेटर","88","0","0","88","-",""
"13","965","578","578","4","बाबूलाल सुथार","पुरुष","भारतीय जनता पार्टी","कमल","213","0","0","213","-","10"
"13","965","578","578","4","हीरालाल","पुरुष","इण्डियन नेशनल कांग्रेस","हाथ","48","0","0","48","-",""
"13","965","578","578","4","मेहुल कुमार","पुरुष","निर्दलीय","सेब","223","0","0","223","विजेता (Declared)","10"
"13","965","578","578","4","रणजीत कुमार","पुरुष","निर्दलीय","गैस का चूल्हा","90","0","0","90","-",""
"14","825","600","600","4","पूनम सिंह परमार","पुरुष","भारतीय जनता पार्टी","कमल","251","0","0","251","विजेता (Declared)","5"
"14","825","600","600","4","प्रवीण सिंह भाटी","पुरुष","इण्डियन नेशनल कांग्रेस","हाथ","72","0","0","72","-",""
"14","825","600","600","4","दिपेश","पुरुष","निर्दलीय","बाल्टी","27","0","0","27","-",""
"14","825","600","600","4","हरिलाल विश्वकर्मा","पुरुष","निर्दलीय","सिलाई की मशीन","246","0","0","246","-",""
"15","902","609","609","8","ईश्वर लाल","पुरुष","इण्डियन नेशनल कांग्रेस","हाथ","83","0","0","83","-","131"
"15","902","609","609","8","रंजु भाटी","महिला","भारतीय जनता पार्टी","कमल","307","0","0","307","विजेता (Declared)","131"
"15","902","609","609","8","किरण कुमार","पुरुष","निर्दलीय","अलमारी","176","0","0","176","-",""
"15","902","609","609","8","रवि कुमार","पुरुष","निर्दलीय","आरी","35","0","0","35","-",""
"16","653","506","506","9","जितेन्द्र कुमार","पुरुष","भारतीय जनता पार्टी","कमल","237","0","0","237","विजेता (Declared)","42"
"16","653","506","506","9","फिरोज","पुरुष","इण्डियन नेशनल कांग्रेस","हाथ","195","0","0","195","-",""
"16","653","506","506","9","दिलावर खान","पुरुष","निर्दलीय","सेब","65","0","0","65","-",""
"17","1036","710","710","4","धीरज सांखला","पुरुष","भारतीय जनता पार्टी","कमल","290","0","0","290","विजेता (Declared)","39"
"17","1036","710","710","4","ललित कुमार परिहार","पुरुष","इण्डियन नेशनल कांग्रेस","हाथ","251","0","0","251","-",""
"17","1036","710","710","4","आरिफ खान","पुरुष","निर्दलीय","टेलीफोन","16","0","0","16","-",""
"17","1036","710","710","4","पुष्पकांत","पुरुष","निर्दलीय","सेब","149","0","0","149","-",""
"18","920","656","656","5","भावना राजपुरोहित","महिला","भारतीय जनता पार्टी","कमल","331","0","0","331","विजेता (Declared)","111"
"18","920","656","656","5","सुनीता देवी","महिला","इण्डियन नेशनल कांग्रेस","हाथ","220","0","0","220","-",""
"18","920","656","656","5","शशि गुप्ता","महिला","निर्दलीय","बाँसुरी","34","0","0","34","-",""
"18","920","656","656","5","सुजाता","महिला","निर्दलीय","सेब","66","0","0","66","-",""
"19","944","612","612","3","भावेश वैष्णव","पुरुष","भारतीय जनता पार्टी","कमल","338","0","0","338","विजेता (Declared)","91"
"19","944","612","612","3","महेन्द्र सिंह","पुरुष","इण्डियन नेशनल कांग्रेस","हाथ","24","0","0","24","-",""
"19","944","612","612","3","विकास अग्रवाल","पुरुष","निर्दलीय","अलमारी","247","0","0","247","-",""
"20","406","324","324","1","भगवती","महिला","इण्डियन नेशनल कांग्रेस","हाथ","2","0","0","2","-","43"
"20","406","324","324","1","ममता गहलोत","महिला","भारतीय जनता पार्टी","कमल","123","0","0","123","विजेता (Declared)","43"
"20","406","324","324","1","किरण कंवर","महिला","निर्दलीय","सेब","69","0","0","69","-",""
"20","406","324","324","1","नीरू कंवर","महिला","निर्दलीय","अलमारी","27","0","0","27","-",""
"20","406","324","324","1","मीठु कंवर","महिला","निर्दलीय","सिलाई की मशीन","80","0","0","80","-",""
"20","406","324","324","1","हिना सांखला","महिला","निर्दलीय","बाल्टी","22","0","0","22","-",""
"21","717","483","483","5","उषा देवी माली","महिला","भारतीय जनता पार्टी","कमल","331","0","0","331","विजेता (Declared)","184"
"21","717","483","483","5","नीता देवड़ा","महिला","इण्डियन नेशनल कांग्रेस","हाथ","147","0","0","147","-",""
"22","835","614","614","4","दक्षा मेड़तिया","महिला","भारतीय जनता पार्टी","कमल","229","0","0","229","-","125"
"22","835","614","614","4","पारस","महिला","इण्डियन नेशनल कांग्रेस","हाथ","27","0","0","27","-",""
"22","835","614","614","4","रमीला","महिला","निर्दलीय","अलमारी","354","0","0","354","विजेता (Declared)","125"
"23","744","482","482","5","छत्रभुज शर्मा","पुरुष","भारतीय जनता पार्टी","कमल","282","0","0","282","विजेता (Declared)","87"
"23","744","482","482","5","निर्मला गोयल","महिला","निर्दलीय","लिफाफा","195","0","0","195","-",""
"24","813","548","548","0","रमेश कुमार राठौड","पुरुष","भारतीय जनता पार्टी","कमल","162","0","0","162","-","83"
"24","813","548","548","0","राकेश बोराणा","पुरुष","इण्डियन नेशनल कांग्रेस","हाथ","58","0","0","58","-",""
"24","813","548","548","0","गणेशमल","पुरुष","निर्दलीय","सिलाई की मशीन","245","0","0","245","विजेता (Declared)","83"
"24","813","548","548","0","संजय बोराणा","पुरुष","निर्दलीय","अलमारी","23","0","0","23","-",""
"24","813","548","548","0","हनवंत सिंह","पुरुष","निर्दलीय","सेब","7","0","0","7","-",""
"24","813","548","548","0","हरिश कुमार","पुरुष","निर्दलीय","बाल्टी","53","0","0","53","-",""
"25","776","514","514","4","नटवर लाल रामीणा","पुरुष","भारतीय जनता पार्टी","कमल","295","0","0","295","विजेता (Declared)","158"
"25","776","514","514","4","बाबुलाल","पुरुष","इण्डियन नेशनल कांग्रेस","हाथ","16","0","0","16","-",""
"25","776","514","514","4","दिनेश कुमार","पुरुष","निर्दलीय","टेलीफोन","37","0","0","37","-",""
"25","776","514","514","4","भरत कुमार","पुरुष","निर्दलीय","सेब","137","0","0","137","-",""
"25","776","514","514","4","विनोद कुमार","पुरुष","निर्दलीय","अलमारी","25","0","0","25","-",""
"26","841","0","0","0","वीणा देवड़ा","महिला","भारतीय जनता पार्टी","कमल","0","0","0","0","विजेता (Declared)","0"
"27","906","658","658","2","फुलाराम सुथार","पुरुष","भारतीय जनता पार्टी","कमल","216","0","0","216","-","62"
"27","906","658","658","2","हसमुख लाल जैन","पुरुष","इण्डियन नेशनल कांग्रेस","हाथ","3","0","0","3","-",""
"27","906","658","658","2","उत्तम कुमार","पुरुष","निर्दलीय","सिलाई की मशीन","89","0","0","89","-",""
"27","906","658","658","2","कान्ती लाल","पुरुष","निर्दलीय","अलमारी","278","0","0","278","विजेता (Declared)","62"
"27","906","658","658","2","विरेन्द्र कुमार","पुरुष","निर्दलीय","टेलीफोन","70","0","0","70","-",""
"28","880","611","611","5","मदनलाल","पुरुष","भारतीय जनता पार्टी","कमल","202","0","0","202","-","33"
"28","880","611","611","5","हिम्मतमल","पुरुष","इण्डियन नेशनल कांग्रेस","हाथ","52","0","0","52","-",""
"28","880","611","611","5","अर्जुन सिंह","पुरुष","निर्दलीय","टेलीफोन","235","0","0","235","विजेता (Declared)","33"
"28","880","611","611","5","बंटी कुमार","पुरुष","निर्दलीय","सेब","104","0","0","104","-",""
"28","880","611","611","5","भवानी सिंह","पुरुष","निर्दलीय","अलमारी","11","0","0","11","-",""
"28","880","611","611","5","मोडाराम","पुरुष","निर्दलीय","हाथ गाड़ी","2","0","0","2","-",""
"29","951","674","674","5","संदीप कुमार लोहार","पुरुष","इण्डियन नेशनल कांग्रेस","हाथ","12","0","0","12","-","75"
"29","951","674","674","5","सुरेश कुमार","पुरुष","भारतीय जनता पार्टी","कमल","150","0","0","150","-",""
"29","951","674","674","5","कैलाश कुमार","पुरुष","निर्दलीय","बाँसुरी","47","0","0","47","-",""
"29","951","674","674","5","जितेन्द्र कुमार","पुरुष","निर्दलीय","सेब","225","0","0","225","विजेता (Declared)","75"
"29","951","674","674","5","मंच्छाराम","पुरुष","निर्दलीय","अलमारी","117","0","0","117","-",""
"29","951","674","674","5","महेन्द्र","पुरुष","निर्दलीय","सिलाई की मशीन","92","0","0","92","-",""
"29","951","674","674","5","रविन्द्र गहलोत","पुरुष","निर्दलीय","बाल्टी","26","0","0","26","-",""
"30","652","510","510","2","महेन्द्र कुमार","पुरुष","इण्डियन नेशनल कांग्रेस","हाथ","23","0","0","23","-","80"
"30","652","510","510","2","रविकान्त रावल","पुरुष","भारतीय जनता पार्टी","कमल","225","0","0","225","विजेता (Declared)","80"
"30","652","510","510","2","गोविन्द कुमार","पुरुष","निर्दलीय","अलमारी","145","0","0","145","-",""
"30","652","510","510","2","नरेश कुमार खण्डेलवाल","पुरुष","निर्दलीय","चारपाई","6","0","0","6","-",""
"30","652","510","510","2","रोहित कुमार","पुरुष","निर्दलीय","सेब","109","0","0","109","-",""
"31","746","502","502","7","भरत सोलंकी","पुरुष","भारतीय जनता पार्टी","कमल","221","0","0","221","विजेता (Declared)","151"
"31","746","502","502","7","भैराराम देवड़ा","पुरुष","इण्डियन नेशनल कांग्रेस","हाथ","70","0","0","70","-",""
"31","746","502","502","7","अर्जुन कुमार माली","पुरुष","निर्दलीय","कैंची","5","0","0","5","-",""
"31","746","502","502","7","कान्तिलाल","पुरुष","निर्दलीय","बाल्टी","42","0","0","42","-",""
"31","746","502","502","7","नरेन्द्र कुमार","पुरुष","निर्दलीय","चारपाई","68","0","0","68","-",""
"31","746","502","502","7","प्रवीण देवड़ा","पुरुष","निर्दलीय","गैस का चूल्हा","64","0","0","64","-",""
"31","746","502","502","7","मदन लाल","पुरुष","निर्दलीय","अलमारी","25","0","0","25","-",""
"32","941","721","721","8","महेन्द्र माली","पुरुष","भारतीय जनता पार्टी","कमल","247","0","0","247","-","219"
"32","941","721","721","8","प्रकाश सोलंकी","पुरुष","निर्दलीय","बाल्टी","466","0","0","466","विजेता (Declared)","219"
"33","1071","759","759","10","अशोक कुमार","पुरुष","आम आदमी पार्टी","झाड़ू","18","0","0","18","-","234"
"33","1071","759","759","10","मोहनलाल","पुरुष","भारतीय जनता पार्टी","कमल","240","0","0","240","-",""
"33","1071","759","759","10","राजा राम गाडल","पुरुष","इण्डियन नेशनल कांग्रेस","हाथ","474","0","0","474","विजेता (Declared)","234"
"33","1071","759","759","10","अमृत लाल चन्देल","पुरुष","निर्दलीय","अलमारी","17","0","0","17","-",""
"34","1234","912","912","8","अमृतलाल","पुरुष","इण्डियन नेशनल कांग्रेस","हाथ","383","0","0","383","विजेता (Declared)","172"
"34","1234","912","912","8","गजेन्द्र डांगी","पुरुष","भारतीय जनता पार्टी","कमल","165","0","0","165","-",""
"34","1234","912","912","8","कन्हैयालाल","पुरुष","निर्दलीय","हारमोनियम","57","0","0","57","-",""
"34","1234","912","912","8","छगनलाल","पुरुष","निर्दलीय","अलमारी","211","0","0","211","-",""
"34","1234","912","912","8","मांगीलाल उर्फ मुकेश","पुरुष","निर्दलीय","स्कूल का बस्ता","63","0","0","63","-",""
"34","1234","912","912","8","राजेन्द्र कुमार","पुरुष","निर्दलीय","टेलीविजन","25","0","0","25","-",""
"35","876","608","608","3","रेखा कंवर","महिला","भारतीय जनता पार्टी","कमल","283","0","0","283","विजेता (Declared)","40"
"35","876","608","608","3","सविता देवी","महिला","इण्डियन नेशनल कांग्रेस","हाथ","243","0","0","243","-",""
"35","876","608","608","3","गीता भुआ","महिला","निर्दलीय","सेब","42","0","0","42","-",""
"35","876","608","608","3","चम्पाबाई","महिला","निर्दलीय","सिलाई की मशीन","37","0","0","37","-",""
